<?xml version="1.0" encoding="UTF-8"?>
<project-private xmlns="http://www.netbeans.org/ns/project-private/1">
    <editor-bookmarks xmlns="http://www.netbeans.org/ns/editor-bookmarks/2" lastBookmarkId="0"/>
    <open-files xmlns="http://www.netbeans.org/ns/projectui-open-files/2">
        <group>
            <file>file:/Users/al/code/ioio/firmware/app_layer_v1/digital.c</file>
            <file>file:/Users/al/code/ioio/firmware/app_layer_v1/protocol.c</file>
            <file>file:/Users/al/code/ioio/firmware/app_layer_v1/pins.c</file>
            <file>file:/Users/al/code/ioio/firmware/app_layer_v1/adc.h</file>
            <file>file:/Users/al/code/ioio/firmware/app_layer_v1/rgb_led_matrix.h</file>
            <file>file:/Users/al/code/ioio/firmware/app_layer_v1/main.c</file>
            <file>file:/Users/al/code/ioio/firmware/app_layer_v1/i2c.c</file>
            <file>file:/Users/al/code/ioio/firmware/app_layer_v1/pixel.c</file>
            <file>file:/Users/al/code/ioio/firmware/app_layer_v1/rgb_led_matrix.c</file>
            <file>file:/Users/al/code/ioio/firmware/app_layer_v1/pwm.c</file>
            <file>file:/Users/al/code/ioio/firmware/app_layer_v1/protocol.h</file>
        </group>
    </open-files>
</project-private>
